-- ============================================================
-- テストデータ（mock-data.ts と同等）
-- ============================================================

-- 会社
INSERT INTO public.companies (id, name, phone, email, address, plan, max_units)
VALUES (
  'a0000000-0000-0000-0000-000000000001',
  'サンプル不動産管理',
  '03-1234-5678',
  'info@sample-estate.co.jp',
  '東京都新宿区西新宿1-1-1',
  'free',
  10
);

-- ============================================================
-- テストユーザー
-- 1. Supabase Dashboard > Authentication > Users で作成:
--    email: yamada@sample-estate.co.jp / password: test1234
-- 2. 作成後、以下のSQLの <AUTH_USER_UUID> を実際のUUIDに置き換えて実行:
--
-- INSERT INTO public.users (id, company_id, name, email, role)
-- VALUES ('<AUTH_USER_UUID>', 'a0000000-0000-0000-0000-000000000001', '山田 太郎', 'yamada@sample-estate.co.jp', 'admin');
-- ============================================================

-- オーナー
INSERT INTO public.owners (id, company_id, name, phone, email, management_fee_rate) VALUES
  ('b0000000-0000-0000-0000-000000000001', 'a0000000-0000-0000-0000-000000000001', '田中 太郎', '090-1234-5678', 'tanaka@example.com', 5.00),
  ('b0000000-0000-0000-0000-000000000002', 'a0000000-0000-0000-0000-000000000001', '鈴木 花子', '090-2345-6789', 'suzuki@example.com', 5.00),
  ('b0000000-0000-0000-0000-000000000003', 'a0000000-0000-0000-0000-000000000001', '佐藤 一郎', '090-3456-7890', 'sato@example.com', 4.50);

-- 物件
INSERT INTO public.properties (id, company_id, owner_id, name, property_type, address, structure, floors, built_year, total_units, nearest_station, walk_minutes) VALUES
  ('c0000000-0000-0000-0000-000000000001', 'a0000000-0000-0000-0000-000000000001', 'b0000000-0000-0000-0000-000000000001', 'グランメゾン新宿', 'apartment', '東京都新宿区西新宿1-1-1', 'RC', 10, 2015, 30, '新宿駅', 5),
  ('c0000000-0000-0000-0000-000000000002', 'a0000000-0000-0000-0000-000000000001', 'b0000000-0000-0000-0000-000000000001', 'リバーサイド中野', 'apartment', '東京都中野区中央2-3-4', 'SRC', 8, 2018, 24, '中野駅', 8),
  ('c0000000-0000-0000-0000-000000000003', 'a0000000-0000-0000-0000-000000000001', 'b0000000-0000-0000-0000-000000000002', 'サンライズ杉並', 'apartment', '東京都杉並区高円寺北3-5-6', 'RC', 5, 2010, 15, '高円寺駅', 3),
  ('c0000000-0000-0000-0000-000000000004', 'a0000000-0000-0000-0000-000000000001', 'b0000000-0000-0000-0000-000000000003', 'パークハイツ渋谷', 'apartment', '東京都渋谷区道玄坂1-2-3', 'SRC', 12, 2020, 40, '渋谷駅', 6);

-- 部屋
INSERT INTO public.units (id, company_id, property_id, unit_number, floor, layout, area_sqm, rent, management_fee, status) VALUES
  -- グランメゾン新宿
  ('d0000000-0000-0000-0000-000000000001', 'a0000000-0000-0000-0000-000000000001', 'c0000000-0000-0000-0000-000000000001', '101', 1, '1K', 25, 85000, 5000, 'occupied'),
  ('d0000000-0000-0000-0000-000000000002', 'a0000000-0000-0000-0000-000000000001', 'c0000000-0000-0000-0000-000000000001', '102', 1, '1K', 25, 85000, 5000, 'occupied'),
  ('d0000000-0000-0000-0000-000000000003', 'a0000000-0000-0000-0000-000000000001', 'c0000000-0000-0000-0000-000000000001', '201', 2, '1LDK', 40, 120000, 8000, 'occupied'),
  ('d0000000-0000-0000-0000-000000000004', 'a0000000-0000-0000-0000-000000000001', 'c0000000-0000-0000-0000-000000000001', '202', 2, '1LDK', 40, 120000, 8000, 'vacant'),
  ('d0000000-0000-0000-0000-000000000005', 'a0000000-0000-0000-0000-000000000001', 'c0000000-0000-0000-0000-000000000001', '301', 3, '2LDK', 55, 160000, 10000, 'occupied'),
  -- リバーサイド中野
  ('d0000000-0000-0000-0000-000000000006', 'a0000000-0000-0000-0000-000000000001', 'c0000000-0000-0000-0000-000000000002', '101', 1, '1K', 22, 72000, 4000, 'occupied'),
  ('d0000000-0000-0000-0000-000000000007', 'a0000000-0000-0000-0000-000000000001', 'c0000000-0000-0000-0000-000000000002', '102', 1, '1K', 22, 72000, 4000, 'vacant'),
  ('d0000000-0000-0000-0000-000000000008', 'a0000000-0000-0000-0000-000000000001', 'c0000000-0000-0000-0000-000000000002', '201', 2, '1LDK', 38, 105000, 6000, 'occupied'),
  -- サンライズ杉並
  ('d0000000-0000-0000-0000-000000000009', 'a0000000-0000-0000-0000-000000000001', 'c0000000-0000-0000-0000-000000000003', '101', 1, '1K', 20, 65000, 3000, 'occupied'),
  ('d0000000-0000-0000-0000-000000000010', 'a0000000-0000-0000-0000-000000000001', 'c0000000-0000-0000-0000-000000000003', '201', 2, '2DK', 42, 95000, 5000, 'vacant'),
  -- パークハイツ渋谷
  ('d0000000-0000-0000-0000-000000000011', 'a0000000-0000-0000-0000-000000000001', 'c0000000-0000-0000-0000-000000000004', '101', 1, '1K', 28, 110000, 8000, 'occupied'),
  ('d0000000-0000-0000-0000-000000000012', 'a0000000-0000-0000-0000-000000000001', 'c0000000-0000-0000-0000-000000000004', '501', 5, '2LDK', 60, 200000, 12000, 'occupied'),
  ('d0000000-0000-0000-0000-000000000013', 'a0000000-0000-0000-0000-000000000001', 'c0000000-0000-0000-0000-000000000004', '502', 5, '2LDK', 60, 200000, 12000, 'maintenance');

-- 入居者
INSERT INTO public.tenants (id, company_id, name, name_kana, phone, email, workplace) VALUES
  ('e0000000-0000-0000-0000-000000000001', 'a0000000-0000-0000-0000-000000000001', '山田 健太', 'ヤマダ ケンタ', '080-1111-2222', 'yamada@example.com', '株式会社テック'),
  ('e0000000-0000-0000-0000-000000000002', 'a0000000-0000-0000-0000-000000000001', '高橋 美咲', 'タカハシ ミサキ', '080-3333-4444', 'takahashi@example.com', 'デザイン事務所'),
  ('e0000000-0000-0000-0000-000000000003', 'a0000000-0000-0000-0000-000000000001', '伊藤 大輔', 'イトウ ダイスケ', '080-5555-6666', 'ito@example.com', '商社株式会社'),
  ('e0000000-0000-0000-0000-000000000004', 'a0000000-0000-0000-0000-000000000001', '渡辺 さくら', 'ワタナベ サクラ', '080-7777-8888', 'watanabe@example.com', '看護師'),
  ('e0000000-0000-0000-0000-000000000005', 'a0000000-0000-0000-0000-000000000001', '中村 翔太', 'ナカムラ ショウタ', '080-9999-0000', 'nakamura@example.com', 'フリーランス'),
  ('e0000000-0000-0000-0000-000000000006', 'a0000000-0000-0000-0000-000000000001', '小林 由美', 'コバヤシ ユミ', '080-1234-5678', 'kobayashi@example.com', '出版社'),
  ('e0000000-0000-0000-0000-000000000007', 'a0000000-0000-0000-0000-000000000001', '加藤 誠', 'カトウ マコト', '080-2345-6789', 'kato@example.com', '銀行'),
  ('e0000000-0000-0000-0000-000000000008', 'a0000000-0000-0000-0000-000000000001', '吉田 あかね', 'ヨシダ アカネ', '080-3456-7890', 'yoshida@example.com', 'IT企業'),
  ('e0000000-0000-0000-0000-000000000009', 'a0000000-0000-0000-0000-000000000001', '松本 隆', 'マツモト タカシ', '080-4567-8901', 'matsumoto@example.com', '教師');

-- 契約
INSERT INTO public.contracts (id, company_id, unit_id, tenant_id, contract_type, start_date, end_date, rent, management_fee, status, move_in_date) VALUES
  ('f0000000-0000-0000-0000-000000000001', 'a0000000-0000-0000-0000-000000000001', 'd0000000-0000-0000-0000-000000000001', 'e0000000-0000-0000-0000-000000000001', 'ordinary', '2024-04-01', '2026-03-31', 85000, 5000, 'active', '2024-04-01'),
  ('f0000000-0000-0000-0000-000000000002', 'a0000000-0000-0000-0000-000000000001', 'd0000000-0000-0000-0000-000000000002', 'e0000000-0000-0000-0000-000000000002', 'fixed', '2025-01-01', '2026-12-31', 85000, 5000, 'active', '2025-01-01'),
  ('f0000000-0000-0000-0000-000000000003', 'a0000000-0000-0000-0000-000000000001', 'd0000000-0000-0000-0000-000000000003', 'e0000000-0000-0000-0000-000000000003', 'ordinary', '2023-07-01', '2025-06-30', 120000, 8000, 'active', '2023-07-01'),
  ('f0000000-0000-0000-0000-000000000004', 'a0000000-0000-0000-0000-000000000001', 'd0000000-0000-0000-0000-000000000005', 'e0000000-0000-0000-0000-000000000004', 'ordinary', '2024-10-01', '2026-09-30', 160000, 10000, 'active', '2024-10-01'),
  ('f0000000-0000-0000-0000-000000000005', 'a0000000-0000-0000-0000-000000000001', 'd0000000-0000-0000-0000-000000000006', 'e0000000-0000-0000-0000-000000000005', 'fixed', '2025-02-01', '2027-01-31', 72000, 4000, 'active', '2025-02-01'),
  ('f0000000-0000-0000-0000-000000000006', 'a0000000-0000-0000-0000-000000000001', 'd0000000-0000-0000-0000-000000000008', 'e0000000-0000-0000-0000-000000000006', 'ordinary', '2024-06-01', '2026-05-31', 105000, 6000, 'active', '2024-06-01'),
  ('f0000000-0000-0000-0000-000000000007', 'a0000000-0000-0000-0000-000000000001', 'd0000000-0000-0000-0000-000000000009', 'e0000000-0000-0000-0000-000000000007', 'ordinary', '2023-04-01', '2025-03-31', 65000, 3000, 'active', '2023-04-01'),
  ('f0000000-0000-0000-0000-000000000008', 'a0000000-0000-0000-0000-000000000001', 'd0000000-0000-0000-0000-000000000011', 'e0000000-0000-0000-0000-000000000008', 'fixed', '2025-01-01', '2026-12-31', 110000, 8000, 'active', '2025-01-01'),
  ('f0000000-0000-0000-0000-000000000009', 'a0000000-0000-0000-0000-000000000001', 'd0000000-0000-0000-0000-000000000012', 'e0000000-0000-0000-0000-000000000009', 'ordinary', '2024-08-01', '2026-07-31', 200000, 12000, 'active', '2024-08-01');

-- 家賃請求（2026年2月分）
INSERT INTO public.rent_billings (id, company_id, contract_id, billing_month, rent, management_fee, total_amount, due_date, status) VALUES
  ('10000000-0000-0000-0000-000000000001', 'a0000000-0000-0000-0000-000000000001', 'f0000000-0000-0000-0000-000000000001', '2026-02-01', 85000, 5000, 90000, '2026-02-27', 'paid'),
  ('10000000-0000-0000-0000-000000000002', 'a0000000-0000-0000-0000-000000000001', 'f0000000-0000-0000-0000-000000000002', '2026-02-01', 85000, 5000, 90000, '2026-02-27', 'paid'),
  ('10000000-0000-0000-0000-000000000003', 'a0000000-0000-0000-0000-000000000001', 'f0000000-0000-0000-0000-000000000003', '2026-02-01', 120000, 8000, 128000, '2026-02-27', 'paid'),
  ('10000000-0000-0000-0000-000000000004', 'a0000000-0000-0000-0000-000000000001', 'f0000000-0000-0000-0000-000000000004', '2026-02-01', 160000, 10000, 170000, '2026-02-27', 'overdue'),
  ('10000000-0000-0000-0000-000000000005', 'a0000000-0000-0000-0000-000000000001', 'f0000000-0000-0000-0000-000000000005', '2026-02-01', 72000, 4000, 76000, '2026-02-27', 'paid'),
  ('10000000-0000-0000-0000-000000000006', 'a0000000-0000-0000-0000-000000000001', 'f0000000-0000-0000-0000-000000000006', '2026-02-01', 105000, 6000, 111000, '2026-02-27', 'paid'),
  ('10000000-0000-0000-0000-000000000007', 'a0000000-0000-0000-0000-000000000001', 'f0000000-0000-0000-0000-000000000007', '2026-02-01', 65000, 3000, 68000, '2026-02-27', 'overdue'),
  ('10000000-0000-0000-0000-000000000008', 'a0000000-0000-0000-0000-000000000001', 'f0000000-0000-0000-0000-000000000008', '2026-02-01', 110000, 8000, 118000, '2026-02-27', 'paid'),
  ('10000000-0000-0000-0000-000000000009', 'a0000000-0000-0000-0000-000000000001', 'f0000000-0000-0000-0000-000000000009', '2026-02-01', 200000, 12000, 212000, '2026-02-27', 'unpaid');

-- 修繕依頼
INSERT INTO public.maintenance_requests (id, company_id, property_id, unit_id, tenant_id, title, description, category, priority, status, reported_date, completed_date, vendor_name, estimated_cost, actual_cost) VALUES
  ('20000000-0000-0000-0000-000000000001', 'a0000000-0000-0000-0000-000000000001', 'c0000000-0000-0000-0000-000000000001', 'd0000000-0000-0000-0000-000000000003', 'e0000000-0000-0000-0000-000000000003', 'エアコン故障', '冷房が効かない。室外機から異音がする。', 'equipment', 'high', 'in_progress', '2026-02-20', NULL, 'エアコン修理センター', 35000, NULL),
  ('20000000-0000-0000-0000-000000000002', 'a0000000-0000-0000-0000-000000000001', 'c0000000-0000-0000-0000-000000000002', 'd0000000-0000-0000-0000-000000000006', 'e0000000-0000-0000-0000-000000000005', '水漏れ', 'キッチン下から水漏れ。', 'plumbing', 'urgent', 'open', '2026-02-25', NULL, NULL, NULL, NULL),
  ('20000000-0000-0000-0000-000000000003', 'a0000000-0000-0000-0000-000000000001', 'c0000000-0000-0000-0000-000000000004', 'd0000000-0000-0000-0000-000000000013', NULL, '退去後リフォーム', '壁紙張替え、クリーニング', 'other', 'normal', 'open', '2026-02-15', NULL, NULL, 180000, NULL),
  ('20000000-0000-0000-0000-000000000004', 'a0000000-0000-0000-0000-000000000001', 'c0000000-0000-0000-0000-000000000003', 'd0000000-0000-0000-0000-000000000009', 'e0000000-0000-0000-0000-000000000007', '給湯器の調子が悪い', 'お湯の温度が安定しない', 'equipment', 'normal', 'completed', '2026-02-01', '2026-02-10', '設備メンテナンス', 15000, 12000);

-- 問い合わせ
INSERT INTO public.inquiries (id, company_id, property_id, tenant_id, inquiry_type, title, description, status, priority) VALUES
  ('30000000-0000-0000-0000-000000000001', 'a0000000-0000-0000-0000-000000000001', 'c0000000-0000-0000-0000-000000000001', 'e0000000-0000-0000-0000-000000000001', 'noise', '上階の騒音', '夜間の足音が気になる', 'in_progress', 'normal'),
  ('30000000-0000-0000-0000-000000000002', 'a0000000-0000-0000-0000-000000000001', 'c0000000-0000-0000-0000-000000000002', NULL, 'facility', '共用部の照明切れ', '2階廊下の蛍光灯が切れている', 'open', 'low');
